{"train/loss": 1.0686, "train/grad_norm": 0.33003488183021545, "train/learning_rate": 5.6999999999999996e-05, "train/epoch": 0.10178571428571428, "train/global_step": 57, "_timestamp": 1718844195.365714, "_runtime": 1621.9944550991058, "_step": 56}