{"train/loss": 1.396, "train/grad_norm": 0.24301591515541077, "train/learning_rate": 1.0000000000000002e-06, "train/epoch": 0.0008928571428571428, "train/global_step": 1, "_timestamp": 1718821532.0269754, "_runtime": 14.092579364776611, "_step": 0}