{"train/loss": 0.18, "train/grad_norm": 0.07966213673353195, "train/learning_rate": 0.0, "train/epoch": 0.99, "train/global_step": 43, "_timestamp": 1720237672.285209, "_runtime": 6456.811717033386, "_step": 47, "eval/loss": 0.16340960562229156, "eval/runtime": 716.9647, "eval/samples_per_second": 0.697, "eval/steps_per_second": 0.174, "train_runtime": 6457.4759, "train_samples_per_second": 0.697, "train_steps_per_second": 0.007, "total_flos": 1.1532241505511014e+17, "train_loss": 0.21977483013341592, "_wandb": {"runtime": 6503}}