{"train/loss": 0.0992, "train/grad_norm": 0.2566816508769989, "train/learning_rate": 0.0, "train/epoch": 3.91, "train/global_step": 308, "_timestamp": 1719532057.9368446, "_runtime": 19837.923172473907, "_step": 324, "eval/loss": 0.2883225083351135, "eval/runtime": 231.2541, "eval/samples_per_second": 0.973, "eval/steps_per_second": 0.246, "train_runtime": 19838.598, "train_samples_per_second": 0.862, "train_steps_per_second": 0.016, "total_flos": 4.3585813343738266e+17, "train_loss": 0.21804703975265677, "_wandb": {"runtime": 19838}}