{"train/loss": 1.4141, "train/grad_norm": 0.2610834538936615, "train/learning_rate": 1.6000000000000003e-05, "train/epoch": 0.014285714285714285, "train/global_step": 16, "_timestamp": 1718821802.4687593, "_runtime": 218.38620734214783, "_step": 15}