{"train/loss": 0.6959, "train/grad_norm": 0.25234082341194153, "train/learning_rate": 0.00010217391304347828, "train/epoch": 0.49777777777777776, "train/global_step": 140, "_timestamp": 1719283736.1841366, "_runtime": 1573.817415714264, "_step": 139, "_wandb": {"runtime": 1792}}