{"train/loss": 0.3135, "train/grad_norm": 0.07369281351566315, "train/learning_rate": 0.0, "train/epoch": 0.99, "train/global_step": 39, "_timestamp": 1719895227.050168, "_runtime": 6242.0334351062775, "_step": 43, "eval/loss": 0.2676665186882019, "eval/runtime": 728.8723, "eval/samples_per_second": 0.686, "eval/steps_per_second": 0.171, "train_runtime": 6242.7033, "train_samples_per_second": 0.721, "train_steps_per_second": 0.006, "total_flos": 1.0459474853835571e+17, "train_loss": 0.3998185858512536, "_wandb": {"runtime": 6291}}