{"train/loss": 0.142, "train/grad_norm": 0.06530757993459702, "train/learning_rate": 0.0, "train/epoch": 1.0, "train/global_step": 46, "_timestamp": 1720410544.286774, "_runtime": 6867.8662350177765, "_step": 50, "eval/loss": 0.15179982781410217, "eval/runtime": 737.0011, "eval/samples_per_second": 0.678, "eval/steps_per_second": 0.17, "train_runtime": 6868.5331, "train_samples_per_second": 0.655, "train_steps_per_second": 0.007, "total_flos": 1.2336816494267597e+17, "train_loss": 0.22052575064742047, "_wandb": {"runtime": 6912}}