{"train/loss": 1.3955, "train/grad_norm": 0.1681956648826599, "train/learning_rate": 2.0000000000000003e-06, "train/epoch": 0.0035555555555555557, "train/global_step": 1, "_timestamp": 1718818853.3665202, "_runtime": 13.08958911895752, "_step": 0, "_wandb": {"runtime": 16}}