{"train/loss": 0.2899, "train/grad_norm": 0.12377654016017914, "train/learning_rate": 0.0, "train/epoch": 1.0, "train/global_step": 51, "_timestamp": 1719951853.434191, "_runtime": 7170.303875923157, "_step": 55, "eval/loss": 0.2549363672733307, "eval/runtime": 721.6037, "eval/samples_per_second": 0.693, "eval/steps_per_second": 0.173, "train_runtime": 7171.1423, "train_samples_per_second": 0.628, "train_steps_per_second": 0.007, "total_flos": 1.36777748088619e+17, "train_loss": 0.3368540175405203, "_wandb": {"runtime": 7227}}