{"train/loss": 0.817, "train/grad_norm": 0.23439185321331024, "train/learning_rate": 0.0, "train/epoch": 0.5357142857142857, "train/global_step": 300, "_timestamp": 1718853021.4734585, "_runtime": 8595.580566644669, "_step": 300, "train_runtime": 8596.2686, "train_samples_per_second": 0.279, "train_steps_per_second": 0.035, "total_flos": 1.600060303343616e+17, "train_loss": 0.9526175874471664, "_wandb": {"runtime": 8595}}