{"train/loss": 0.4829, "train/grad_norm": 0.07649720460176468, "train/learning_rate": 0.0, "train/epoch": 1.0, "train/global_step": 281, "_timestamp": 1719939756.692872, "_runtime": 3545.5187809467316, "_step": 281, "train_runtime": 3546.159, "train_samples_per_second": 1.269, "train_steps_per_second": 0.079, "total_flos": 1.6514898996658176e+17, "train_loss": 0.5524391613609002, "_wandb": {"runtime": 3815}}