{"train/loss": 0.6485, "train/grad_norm": 0.15798842906951904, "train/learning_rate": 0.0, "train/epoch": 0.9991111111111111, "train/global_step": 281, "_timestamp": 1719332905.2001941, "_runtime": 3352.3228302001953, "_step": 282, "train_runtime": 3186.2017, "train_samples_per_second": 1.412, "train_steps_per_second": 0.088, "total_flos": 1.55271094444032e+17, "train_loss": 0.7094756063617421, "_wandb": {"runtime": 3507}}