{"train/loss": 0.2248, "train/grad_norm": 0.03938877955079079, "train/learning_rate": 0.0, "train/epoch": 1.96, "train/global_step": 156, "_timestamp": 1719788611.9000602, "_runtime": 7041.772942066193, "_step": 161, "eval/loss": 0.21781571209430695, "eval/runtime": 153.0868, "eval/samples_per_second": 1.47, "eval/steps_per_second": 0.372, "train_runtime": 7042.4596, "train_samples_per_second": 1.214, "train_steps_per_second": 0.022, "total_flos": 2.0513724697254298e+17, "train_loss": 0.31558134043828034, "_wandb": {"runtime": 7042}}