{"train/loss": 0.2324, "train/grad_norm": 0.026682227849960327, "train/learning_rate": 0.0, "train/epoch": 0.98, "train/global_step": 37, "_timestamp": 1719877220.3970506, "_runtime": 4439.900841712952, "_step": 41, "eval/loss": 0.22415944933891296, "eval/runtime": 329.7004, "eval/samples_per_second": 0.682, "eval/steps_per_second": 0.173, "train_runtime": 4440.5897, "train_samples_per_second": 0.963, "train_steps_per_second": 0.008, "total_flos": 9.73086940767191e+16, "train_loss": 0.3756845847174928, "_wandb": {"runtime": 4440}}