{"train/loss": 0.5734, "train/grad_norm": 0.3297662138938904, "train/learning_rate": 0.0, "train/epoch": 0.9991111111111111, "train/global_step": 281, "_timestamp": 1719338956.777153, "_runtime": 2928.4723739624023, "_step": 281, "train_runtime": 2929.1179, "train_samples_per_second": 1.536, "train_steps_per_second": 0.096, "total_flos": 1.1901957438858854e+17, "train_loss": 0.6456894905329599}