{"train/loss": 0.0174, "train/grad_norm": 0.04234748333692551, "train/learning_rate": 0.0, "train/epoch": 1.0, "train/global_step": 60, "_timestamp": 1720210352.8726895, "_runtime": 8693.983940601349, "_step": 65, "eval/loss": 0.020185451954603195, "eval/runtime": 718.9946, "eval/samples_per_second": 0.695, "eval/steps_per_second": 0.174, "train_runtime": 8694.6576, "train_samples_per_second": 0.518, "train_steps_per_second": 0.007, "total_flos": 1.6091499775131648e+17, "train_loss": 0.058110755992432435, "_wandb": {"runtime": 8739}}