{"train/loss": 0.2024, "train/grad_norm": 0.03144283965229988, "train/learning_rate": 0.0, "train/epoch": 1.97, "train/global_step": 156, "_timestamp": 1719769833.2942955, "_runtime": 7128.571706533432, "_step": 161, "eval/loss": 0.18294647336006165, "eval/runtime": 156.1361, "eval/samples_per_second": 1.441, "eval/steps_per_second": 0.365, "train_runtime": 7129.2438, "train_samples_per_second": 1.199, "train_steps_per_second": 0.022, "total_flos": 2.0513724697254298e+17, "train_loss": 0.2558478829570306, "_wandb": {"runtime": 7128}}