{"train/loss": 0.805, "train/grad_norm": 0.23347866535186768, "train/learning_rate": 9.616324802740286e-05, "train/epoch": 1.2767857142857142, "train/global_step": 715, "_timestamp": 1718842527.3361897, "_runtime": 20682.52642273903, "_step": 714}