{"train/loss": 0.8021, "train/grad_norm": 0.5818594098091125, "train/learning_rate": 8.900000000000001e-05, "train/epoch": 0.03974988834301027, "train/global_step": 89, "_timestamp": 1718821329.8218203, "_runtime": 506.7619323730469, "_step": 88}